"id","treatment"
1,"control group"
2,"emotions"
3,"control group"
4,"reason"
5,"emotions"
6,"reason"
7,"emotions"
8,"reason"
9,"emotions"
10,"control group"
11,"control group"
12,"reason"
13,"emotions"
14,"control group"
15,"emotions"
16,"emotions"
17,"control group"
18,"emotions"
19,"reason"
20,"reason"
21,"control group"
22,"emotions"
23,"reason"
24,"reason"
25,"reason"
26,"emotions"
27,"reason"
28,"reason"
29,"emotions"
30,"reason"
31,"emotions"
32,"control group"
33,"control group"
34,"reason"
35,"control group"
36,"reason"
37,"emotions"
38,"emotions"
39,"reason"
40,"emotions"
41,"emotions"
42,"reason"
43,"reason"
44,"control group"
45,"reason"
46,"emotions"
47,"emotions"
48,"reason"
49,"control group"
50,"control group"
51,"emotions"
52,"control group"
53,"emotions"
54,"emotions"
55,"emotions"
56,"emotions"
57,"emotions"
58,"reason"
59,"emotions"
60,"reason"
61,"emotions"
62,"control group"
63,"reason"
64,"emotions"
65,"emotions"
66,"emotions"
67,"reason"
68,"control group"
69,"emotions"
70,"emotions"
71,"reason"
72,"reason"
73,"emotions"
74,"control group"
75,"control group"
76,"emotions"
77,"emotions"
78,"control group"
79,"control group"
80,"control group"
81,"emotions"
82,"reason"
83,"emotions"
84,"control group"
85,"reason"
86,"emotions"
87,"control group"
88,"emotions"
89,"control group"
90,"reason"
91,"control group"
92,"control group"
93,"emotions"
94,"control group"
95,"reason"
96,"emotions"
97,"control group"
98,"control group"
99,"emotions"
100,"reason"
101,"reason"
102,"reason"
103,"emotions"
104,"emotions"
105,"emotions"
106,"control group"
107,"reason"
108,"reason"
109,"reason"
110,"reason"
111,"reason"
112,"control group"
113,"control group"
114,"reason"
115,"reason"
116,"emotions"
117,"reason"
118,"emotions"
119,"reason"
120,"emotions"
121,"reason"
122,"emotions"
123,"emotions"
124,"reason"
125,"reason"
126,"reason"
127,"emotions"
128,"reason"
129,"reason"
130,"reason"
131,"emotions"
132,"control group"
133,"reason"
134,"reason"
135,"reason"
136,"reason"
137,"reason"
138,"reason"
139,"emotions"
140,"emotions"
141,"control group"
142,"emotions"
143,"emotions"
144,"control group"
145,"control group"
146,"emotions"
147,"reason"
148,"reason"
149,"emotions"
150,"emotions"
151,"emotions"
152,"emotions"
153,"reason"
154,"emotions"
155,"reason"
156,"control group"
157,"emotions"
158,"control group"
159,"reason"
160,"control group"
161,"reason"
162,"reason"
163,"control group"
164,"emotions"
165,"emotions"
166,"emotions"
167,"emotions"
168,"emotions"
169,"control group"
170,"reason"
171,"control group"
172,"control group"
173,"control group"
174,"control group"
175,"emotions"
176,"control group"
177,"emotions"
178,"control group"
179,"emotions"
180,"reason"
181,"reason"
182,"control group"
183,"reason"
184,"emotions"
185,"emotions"
186,"reason"
187,"reason"
188,"emotions"
189,"control group"
190,"emotions"
191,"reason"
192,"control group"
193,"reason"
194,"reason"
195,"control group"
196,"control group"
197,"reason"
198,"reason"
199,"emotions"
200,"emotions"
201,"emotions"
202,"control group"
203,"reason"
204,"control group"
205,"control group"
206,"control group"
207,"emotions"
208,"reason"
209,"reason"
210,"control group"
211,"control group"
212,"reason"
213,"emotions"
214,"emotions"
215,"reason"
216,"control group"
217,"emotions"
218,"reason"
219,"control group"
220,"emotions"
221,"control group"
222,"reason"
223,"reason"
224,"emotions"
225,"emotions"
226,"reason"
227,"control group"
228,"emotions"
229,"emotions"
230,"emotions"
231,"emotions"
232,"reason"
233,"emotions"
234,"reason"
235,"reason"
236,"reason"
237,"control group"
238,"reason"
239,"reason"
240,"emotions"
241,"emotions"
242,"reason"
243,"reason"
244,"reason"
245,"control group"
246,"emotions"
247,"control group"
248,"control group"
249,"control group"
250,"emotions"
251,"reason"
252,"reason"
253,"control group"
254,"emotions"
255,"control group"
256,"reason"
257,"emotions"
258,"reason"
259,"emotions"
260,"control group"
261,"reason"
262,"reason"
263,"control group"
264,"reason"
265,"control group"
266,"reason"
267,"reason"
268,"control group"
269,"reason"
270,"control group"
271,"emotions"
272,"control group"
273,"reason"
274,"reason"
275,"emotions"
276,"control group"
277,"reason"
278,"reason"
279,"emotions"
280,"reason"
281,"emotions"
282,"reason"
283,"emotions"
284,"emotions"
285,"control group"
286,"control group"
287,"control group"
288,"reason"
289,"control group"
290,"emotions"
291,"reason"
292,"control group"
293,"control group"
294,"control group"
295,"reason"
296,"reason"
297,"control group"
298,"emotions"
299,"emotions"
300,"emotions"
301,"emotions"
302,"control group"
303,"emotions"
304,"control group"
305,"reason"
306,"control group"
307,"reason"
308,"reason"
309,"emotions"
310,"control group"
311,"control group"
312,"reason"
313,"control group"
314,"reason"
315,"control group"
316,"control group"
317,"emotions"
318,"reason"
319,"reason"
320,"control group"
321,"reason"
322,"control group"
323,"reason"
324,"emotions"
325,"emotions"
326,"emotions"
327,"control group"
328,"reason"
329,"reason"
330,"control group"
331,"control group"
332,"reason"
333,"emotions"
334,"reason"
335,"emotions"
336,"reason"
337,"emotions"
338,"control group"
339,"control group"
340,"reason"
341,"emotions"
342,"control group"
343,"emotions"
344,"reason"
345,"emotions"
346,"reason"
347,"reason"
348,"control group"
349,"emotions"
350,"emotions"
351,"emotions"
352,"emotions"
353,"emotions"
354,"emotions"
355,"control group"
356,"reason"
357,"control group"
358,"emotions"
359,"reason"
360,"reason"
361,"emotions"
362,"control group"
363,"reason"
364,"emotions"
365,"emotions"
366,"control group"
367,"control group"
368,"reason"
369,"control group"
370,"emotions"
371,"control group"
372,"emotions"
373,"control group"
374,"emotions"
375,"reason"
376,"emotions"
377,"reason"
378,"emotions"
379,"control group"
380,"reason"
381,"emotions"
382,"reason"
383,"control group"
384,"emotions"
385,"control group"
386,"emotions"
387,"control group"
388,"control group"
389,"reason"
390,"reason"
391,"reason"
392,"control group"
393,"reason"
394,"reason"
395,"emotions"
396,"emotions"
397,"control group"
398,"reason"
399,"emotions"
400,"emotions"
401,"control group"
402,"control group"
403,"emotions"
404,"reason"
405,"emotions"
406,"control group"
407,"reason"
408,"emotions"
409,"reason"
410,"control group"
411,"reason"
412,"control group"
413,"reason"
414,"emotions"
415,"emotions"
416,"emotions"
417,"control group"
418,"reason"
419,"emotions"
420,"reason"
421,"reason"
422,"emotions"
423,"emotions"
424,"emotions"
425,"control group"
426,"control group"
427,"control group"
428,"control group"
429,"control group"
430,"reason"
431,"emotions"
432,"reason"
433,"control group"
434,"emotions"
435,"control group"
436,"control group"
437,"control group"
438,"control group"
439,"control group"
440,"reason"
441,"emotions"
442,"reason"
443,"emotions"
444,"reason"
445,"emotions"
446,"emotions"
447,"reason"
448,"emotions"
449,"reason"
450,"reason"
451,"emotions"
452,"reason"
453,"control group"
454,"control group"
455,"control group"
456,"control group"
457,"reason"
458,"emotions"
459,"emotions"
460,"reason"
461,"reason"
462,"emotions"
463,"control group"
464,"emotions"
465,"reason"
466,"control group"
467,"emotions"
468,"control group"
469,"control group"
470,"reason"
471,"control group"
472,"control group"
473,"reason"
474,"control group"
475,"emotions"
476,"control group"
477,"reason"
478,"control group"
479,"control group"
480,"control group"
481,"emotions"
482,"control group"
483,"control group"
484,"emotions"
485,"emotions"
486,"reason"
487,"reason"
488,"control group"
489,"reason"
490,"control group"
491,"control group"
492,"reason"
493,"reason"
494,"control group"
495,"emotions"
496,"reason"
497,"reason"
498,"control group"
499,"control group"
500,"emotions"
501,"reason"
502,"reason"
503,"control group"
504,"reason"
505,"control group"
506,"emotions"
507,"control group"
508,"reason"
509,"control group"
510,"control group"
511,"emotions"
512,"reason"
513,"reason"
514,"control group"
515,"control group"
516,"emotions"
517,"emotions"
518,"emotions"
519,"control group"
520,"control group"
521,"emotions"
522,"emotions"
523,"control group"
524,"emotions"
525,"emotions"
526,"control group"
527,"emotions"
528,"emotions"
529,"reason"
530,"reason"
531,"emotions"
532,"emotions"
533,"reason"
534,"emotions"
535,"control group"
536,"emotions"
537,"emotions"
538,"reason"
539,"reason"
540,"emotions"
541,"reason"
542,"reason"
543,"control group"
544,"reason"
545,"emotions"
546,"control group"
547,"reason"
548,"control group"
549,"control group"
550,"reason"
551,"reason"
552,"control group"
553,"reason"
554,"emotions"
555,"control group"
556,"emotions"
557,"emotions"
558,"emotions"
559,"reason"
560,"control group"
561,"control group"
562,"control group"
563,"emotions"
564,"emotions"
565,"control group"
566,"reason"
567,"emotions"
568,"emotions"
569,"emotions"
570,"emotions"
571,"emotions"
572,"control group"
573,"reason"
574,"reason"
575,"reason"
576,"reason"
577,"reason"
578,"emotions"
579,"reason"
580,"reason"
581,"reason"
582,"emotions"
583,"emotions"
584,"control group"
585,"control group"
586,"control group"
587,"control group"
588,"control group"
589,"control group"
590,"emotions"
591,"emotions"
592,"emotions"
593,"control group"
594,"control group"
595,"reason"
596,"emotions"
597,"emotions"
598,"emotions"
599,"reason"
600,"reason"
601,"emotions"
602,"emotions"
603,"reason"
604,"reason"
605,"control group"
606,"emotions"
607,"emotions"
608,"emotions"
609,"control group"
610,"emotions"
611,"emotions"
612,"reason"
613,"reason"
614,"reason"
615,"reason"
616,"control group"
617,"reason"
618,"control group"
619,"emotions"
620,"emotions"
621,"control group"
622,"emotions"
623,"control group"
624,"emotions"
625,"emotions"
626,"emotions"
627,"control group"
628,"reason"
629,"emotions"
630,"emotions"
631,"emotions"
632,"emotions"
633,"emotions"
634,"reason"
635,"emotions"
636,"emotions"
637,"control group"
638,"control group"
639,"reason"
640,"control group"
641,"control group"
642,"reason"
643,"reason"
644,"reason"
645,"reason"
646,"control group"
647,"control group"
648,"emotions"
649,"control group"
650,"control group"
651,"reason"
652,"emotions"
653,"emotions"
654,"control group"
655,"reason"
656,"control group"
657,"reason"
658,"reason"
659,"reason"
660,"emotions"
661,"control group"
662,"emotions"
663,"emotions"
664,"control group"
665,"emotions"
666,"emotions"
667,"control group"
668,"reason"
669,"emotions"
670,"control group"
671,"emotions"
672,"control group"
673,"emotions"
674,"control group"
675,"emotions"
676,"control group"
677,"control group"
678,"control group"
679,"emotions"
680,"emotions"
681,"reason"
682,"reason"
683,"control group"
684,"control group"
685,"control group"
686,"reason"
687,"emotions"
688,"control group"
689,"control group"
690,"emotions"
691,"control group"
692,"reason"
693,"reason"
694,"reason"
695,"reason"
696,"emotions"
697,"reason"
698,"emotions"
699,"control group"
700,"reason"
701,"reason"
702,"reason"
703,"control group"
704,"emotions"
705,"reason"
706,"emotions"
707,"reason"
708,"reason"
709,"control group"
710,"emotions"
711,"control group"
712,"control group"
713,"emotions"
714,"control group"
715,"reason"
716,"emotions"
717,"reason"
718,"emotions"
719,"control group"
720,"reason"
721,"reason"
722,"control group"
723,"control group"
724,"control group"
725,"emotions"
726,"reason"
727,"reason"
728,"reason"
729,"control group"
730,"emotions"
731,"emotions"
732,"emotions"
733,"reason"
734,"control group"
735,"reason"
736,"emotions"
737,"control group"
738,"reason"
739,"reason"
740,"reason"
741,"control group"
742,"reason"
743,"reason"
744,"emotions"
745,"reason"
746,"control group"
747,"emotions"
748,"control group"
749,"reason"
750,"reason"
751,"emotions"
752,"control group"
753,"control group"
754,"control group"
755,"emotions"
756,"reason"
757,"control group"
758,"reason"
759,"emotions"
760,"control group"
761,"emotions"
762,"control group"
763,"emotions"
764,"control group"
765,"reason"
766,"control group"
767,"emotions"
768,"emotions"
769,"control group"
770,"reason"
771,"control group"
772,"emotions"
773,"reason"
774,"control group"
775,"emotions"
776,"control group"
777,"reason"
778,"control group"
779,"emotions"
780,"emotions"
781,"emotions"
782,"control group"
783,"control group"
784,"reason"
785,"control group"
786,"control group"
787,"reason"
788,"emotions"
789,"reason"
790,"emotions"
791,"emotions"
792,"emotions"
793,"control group"
794,"control group"
795,"control group"
796,"reason"
797,"emotions"
798,"reason"
799,"control group"
800,"emotions"
801,"emotions"
802,"reason"
803,"control group"
804,"control group"
805,"emotions"
806,"emotions"
807,"control group"
808,"emotions"
809,"reason"
810,"reason"
811,"emotions"
812,"reason"
813,"reason"
814,"control group"
815,"control group"
816,"reason"
817,"control group"
818,"control group"
819,"reason"
820,"control group"
821,"emotions"
822,"control group"
823,"emotions"
824,"control group"
825,"emotions"
826,"emotions"
827,"emotions"
828,"control group"
829,"emotions"
830,"emotions"
831,"reason"
832,"reason"
833,"reason"
834,"control group"
835,"reason"
836,"emotions"
837,"control group"
838,"control group"
839,"reason"
840,"reason"
841,"emotions"
842,"emotions"
843,"emotions"
844,"emotions"
845,"control group"
846,"emotions"
847,"emotions"
848,"emotions"
849,"reason"
850,"emotions"
851,"control group"
852,"emotions"
853,"reason"
854,"control group"
855,"emotions"
856,"emotions"
857,"emotions"
858,"control group"
859,"emotions"
860,"emotions"
861,"emotions"
862,"emotions"
863,"reason"
864,"reason"
865,"reason"
866,"control group"
867,"reason"
868,"reason"
869,"control group"
870,"reason"
871,"reason"
872,"reason"
873,"emotions"
874,"reason"
875,"reason"
876,"reason"
877,"reason"
878,"emotions"
879,"control group"
880,"reason"
881,"emotions"
882,"emotions"
883,"emotions"
884,"emotions"
885,"emotions"
886,"reason"
887,"control group"
888,"control group"
889,"emotions"
890,"control group"
891,"emotions"
892,"control group"
893,"emotions"
894,"reason"
895,"emotions"
896,"emotions"
897,"reason"
898,"reason"
899,"control group"
900,"control group"
901,"control group"
902,"control group"
903,"reason"
904,"reason"
905,"control group"
906,"reason"
907,"emotions"
908,"emotions"
909,"emotions"
910,"emotions"
911,"reason"
912,"control group"
913,"control group"
914,"emotions"
915,"emotions"
916,"reason"
917,"emotions"
918,"emotions"
919,"emotions"
920,"control group"
921,"emotions"
922,"control group"
923,"control group"
924,"reason"
925,"emotions"
926,"reason"
927,"control group"
928,"control group"
929,"control group"
930,"reason"
931,"emotions"
932,"reason"
933,"emotions"
934,"emotions"
935,"emotions"
936,"reason"
937,"reason"
938,"reason"
939,"emotions"
940,"control group"
941,"emotions"
942,"control group"
943,"control group"
944,"reason"
945,"reason"
946,"control group"
947,"reason"
948,"reason"
949,"reason"
950,"emotions"
951,"control group"
952,"control group"
953,"control group"
954,"reason"
955,"emotions"
956,"reason"
957,"reason"
958,"control group"
959,"emotions"
960,"reason"
961,"reason"
962,"control group"
963,"reason"
964,"reason"
965,"control group"
966,"reason"
967,"control group"
968,"control group"
969,"reason"
970,"reason"
971,"emotions"
972,"emotions"
973,"reason"
974,"emotions"
975,"control group"
976,"emotions"
977,"reason"
978,"reason"
979,"emotions"
980,"reason"
981,"control group"
982,"control group"
983,"control group"
984,"reason"
985,"reason"
986,"control group"
987,"reason"
988,"emotions"
989,"emotions"
990,"emotions"
991,"reason"
992,"control group"
993,"reason"
994,"reason"
995,"control group"
996,"reason"
997,"emotions"
998,"reason"
999,"reason"
1000,"control group"
1001,"emotions"
1002,"control group"
1003,"reason"
1004,"reason"
1005,"emotions"
1006,"emotions"
1007,"reason"
1008,"reason"
1009,"control group"
1010,"reason"
1011,"emotions"
1012,"emotions"
1013,"emotions"
1014,"emotions"
1015,"control group"
1016,"emotions"
1017,"control group"
1018,"emotions"
1019,"control group"
1020,"reason"
1021,"control group"
1022,"control group"
1023,"reason"
1024,"reason"
1025,"emotions"
1026,"reason"
1027,"emotions"
1028,"reason"
1029,"control group"
1030,"reason"
1031,"control group"
1032,"reason"
1033,"emotions"
1034,"reason"
1035,"emotions"
1036,"emotions"
1037,"emotions"
1038,"control group"
1039,"emotions"
1040,"control group"
1041,"reason"
1042,"reason"
1043,"reason"
1044,"control group"
1045,"reason"
1046,"reason"
1047,"reason"
1048,"reason"
1049,"emotions"
1050,"control group"
1051,"emotions"
1052,"emotions"
1053,"emotions"
1054,"reason"
1055,"reason"
1056,"emotions"
1057,"emotions"
1058,"emotions"
1059,"reason"
1060,"emotions"
1061,"emotions"
1062,"control group"
1063,"reason"
1064,"reason"
1065,"emotions"
1066,"reason"
1067,"reason"
1068,"control group"
1069,"emotions"
1070,"reason"
1071,"control group"
1072,"control group"
1073,"reason"
1074,"control group"
1075,"emotions"
1076,"control group"
1077,"emotions"
1078,"control group"
1079,"control group"
1080,"reason"
1081,"control group"
1082,"emotions"
1083,"reason"
1084,"reason"
1085,"control group"
1086,"emotions"
1087,"control group"
1088,"reason"
1089,"reason"
1090,"reason"
1091,"reason"
1092,"reason"
1093,"control group"
1094,"emotions"
1095,"control group"
1096,"reason"
1097,"reason"
1098,"control group"
1099,"emotions"
1100,"emotions"
1101,"emotions"
1102,"control group"
1103,"emotions"
1104,"emotions"
1105,"emotions"
1106,"emotions"
1107,"control group"
1108,"emotions"
1109,"control group"
1110,"reason"
1111,"control group"
1112,"emotions"
1113,"control group"
1114,"control group"
1115,"reason"
1116,"reason"
1117,"emotions"
1118,"emotions"
1119,"control group"
1120,"reason"
1121,"reason"
1122,"emotions"
1123,"emotions"
1124,"emotions"
1125,"control group"
1126,"reason"
1127,"reason"
1128,"reason"
1129,"control group"
1130,"emotions"
1131,"control group"
1132,"emotions"
1133,"reason"
1134,"reason"
1135,"emotions"
1136,"control group"
1137,"reason"
1138,"control group"
1139,"emotions"
1140,"emotions"
1141,"reason"
1142,"reason"
1143,"reason"
1144,"emotions"
1145,"emotions"
1146,"reason"
1147,"control group"
1148,"control group"
1149,"control group"
1150,"reason"
1151,"emotions"
1152,"reason"
1153,"control group"
1154,"control group"
1155,"reason"
1156,"reason"
1157,"reason"
1158,"reason"
1159,"reason"
1160,"reason"
1161,"reason"
1162,"reason"
1163,"control group"
1164,"reason"
1165,"emotions"
1166,"reason"
1167,"control group"
1168,"reason"
1169,"control group"
1170,"reason"
1171,"emotions"
1172,"control group"
1173,"emotions"
1174,"control group"
1175,"reason"
1176,"reason"
1177,"emotions"
1178,"control group"
1179,"control group"
1180,"control group"
1181,"control group"
1182,"control group"
1183,"reason"
1184,"emotions"
1185,"control group"
1186,"emotions"
1187,"control group"
1188,"emotions"
1189,"control group"
1190,"control group"
1191,"control group"
1192,"reason"
1193,"reason"
1194,"control group"
1195,"control group"
1196,"reason"
1197,"emotions"
1198,"reason"
1199,"control group"
1200,"control group"
1201,"control group"
1202,"reason"
1203,"control group"
1204,"emotions"
1205,"reason"
1206,"reason"
1207,"control group"
1208,"emotions"
1209,"reason"
1210,"reason"
1211,"reason"
1212,"emotions"
1213,"emotions"
1214,"control group"
1215,"reason"
1216,"control group"
1217,"control group"
1218,"emotions"
1219,"emotions"
1220,"emotions"
1221,"control group"
1222,"control group"
1223,"reason"
1224,"reason"
1225,"reason"
1226,"control group"
1227,"control group"
1228,"emotions"
1229,"emotions"
1230,"reason"
1231,"control group"
1232,"reason"
1233,"emotions"
1234,"emotions"
1235,"reason"
1236,"control group"
1237,"emotions"
1238,"reason"
1239,"control group"
1240,"emotions"
1241,"reason"
1242,"reason"
1243,"reason"
1244,"reason"
1245,"emotions"
1246,"control group"
1247,"emotions"
1248,"emotions"
1249,"emotions"
1250,"reason"
1251,"reason"
1252,"control group"
1253,"emotions"
1254,"reason"
1255,"reason"
1256,"reason"
1257,"reason"
1258,"reason"
1259,"control group"
1260,"reason"
1261,"control group"
1262,"reason"
1263,"reason"
1264,"emotions"
1265,"emotions"
1266,"reason"
1267,"emotions"
1268,"reason"
1269,"emotions"
1270,"emotions"
1271,"emotions"
1272,"reason"
1273,"control group"
1274,"control group"
1275,"emotions"
1276,"reason"
1277,"emotions"
1278,"control group"
1279,"control group"
1280,"control group"
1281,"reason"
1282,"control group"
1283,"emotions"
1284,"reason"
1285,"emotions"
1286,"emotions"
1287,"control group"
1288,"reason"
1289,"control group"
1290,"control group"
1291,"control group"
1292,"control group"
1293,"emotions"
1294,"emotions"
1295,"emotions"
1296,"reason"
1297,"reason"
1298,"control group"
1299,"emotions"
1300,"reason"
1301,"emotions"
1302,"control group"
1303,"reason"
1304,"reason"
1305,"control group"
1306,"reason"
1307,"control group"
1308,"reason"
1309,"reason"
1310,"reason"
1311,"emotions"
1312,"reason"
1313,"reason"
1314,"reason"
1315,"control group"
1316,"emotions"
1317,"control group"
1318,"control group"
1319,"emotions"
1320,"reason"
1321,"control group"
1322,"emotions"
1323,"emotions"
1324,"reason"
1325,"control group"
1326,"reason"
1327,"reason"
1328,"emotions"
1329,"emotions"
1330,"emotions"
1331,"control group"
1332,"emotions"
1333,"emotions"
1334,"emotions"
1335,"reason"
1336,"emotions"
1337,"reason"
1338,"control group"
1339,"reason"
1340,"emotions"
1341,"emotions"
1342,"control group"
1343,"emotions"
1344,"reason"
1345,"reason"
1346,"control group"
1347,"reason"
1348,"control group"
1349,"control group"
1350,"reason"
1351,"emotions"
1352,"emotions"
1353,"emotions"
1354,"reason"
1355,"reason"
1356,"reason"
1357,"reason"
1358,"emotions"
1359,"reason"
1360,"emotions"
1361,"reason"
1362,"control group"
1363,"reason"
1364,"reason"
1365,"control group"
1366,"emotions"
1367,"control group"
1368,"reason"
1369,"control group"
1370,"emotions"
1371,"emotions"
1372,"reason"
1373,"emotions"
1374,"control group"
1375,"control group"
1376,"emotions"
1377,"emotions"
1378,"reason"
1379,"control group"
1380,"emotions"
1381,"control group"
1382,"reason"
1383,"emotions"
1384,"emotions"
1385,"control group"
1386,"reason"
1387,"reason"
1388,"reason"
1389,"emotions"
1390,"reason"
1391,"reason"
1392,"reason"
1393,"control group"
1394,"emotions"
1395,"reason"
1396,"reason"
1397,"control group"
1398,"control group"
1399,"reason"
1400,"reason"
1401,"emotions"
1402,"emotions"
1403,"control group"
1404,"control group"
1405,"control group"
1406,"emotions"
1407,"control group"
1408,"control group"
1409,"control group"
1410,"reason"
1411,"control group"
1412,"control group"
1413,"reason"
1414,"control group"
1415,"emotions"
1416,"reason"
1417,"control group"
1418,"control group"
1419,"control group"
1420,"control group"
1421,"control group"
1422,"reason"
1423,"control group"
1424,"reason"
1425,"emotions"
1426,"reason"
1427,"reason"
1428,"reason"
1429,"reason"
1430,"control group"
1431,"control group"
1432,"reason"
1433,"control group"
1434,"reason"
1435,"reason"
1436,"reason"
1437,"emotions"
1438,"reason"
1439,"emotions"
1440,"control group"
1441,"reason"
1442,"emotions"
1443,"emotions"
1444,"reason"
1445,"control group"
1446,"reason"
1447,"reason"
1448,"reason"
1449,"control group"
1450,"emotions"
1451,"control group"
1452,"control group"
1453,"control group"
1454,"control group"
1455,"control group"
1456,"control group"
1457,"reason"
1458,"control group"
1459,"emotions"
1460,"reason"
1461,"emotions"
1462,"emotions"
1463,"reason"
1464,"emotions"
1465,"reason"
1466,"control group"
1467,"emotions"
1468,"reason"
1469,"emotions"
1470,"control group"
1471,"reason"
1472,"reason"
1473,"control group"
1474,"control group"
1475,"emotions"
1476,"control group"
1477,"control group"
1478,"control group"
1479,"emotions"
1480,"control group"
1481,"emotions"
1482,"control group"
1483,"reason"
1484,"emotions"
1485,"reason"
1486,"emotions"
1487,"control group"
1488,"control group"
1489,"control group"
1490,"emotions"
1491,"emotions"
1492,"reason"
1493,"emotions"
1494,"emotions"
1495,"emotions"
1496,"emotions"
1497,"control group"
1498,"control group"
1499,"reason"
1500,"reason"
1501,"control group"
1502,"emotions"
1503,"reason"
1504,"emotions"
1505,"reason"
1506,"emotions"
1507,"emotions"
1508,"emotions"
1509,"control group"
1510,"control group"
1511,"reason"
1512,"reason"
1513,"reason"
1514,"reason"
1515,"reason"
1516,"reason"
1517,"control group"
1518,"control group"
1519,"emotions"
1520,"control group"
1521,"emotions"
1522,"control group"
1523,"reason"
1524,"control group"
1525,"emotions"
1526,"reason"
1527,"reason"
1528,"reason"
1529,"reason"
1530,"control group"
1531,"control group"
1532,"reason"
1533,"control group"
1534,"reason"
1535,"reason"
1536,"reason"
1537,"control group"
1538,"reason"
1539,"reason"
1540,"reason"
1541,"emotions"
1542,"emotions"
1543,"reason"
1544,"control group"
1545,"reason"
1546,"reason"
1547,"control group"
1548,"reason"
1549,"emotions"
1550,"emotions"
1551,"reason"
1552,"emotions"
1553,"emotions"
1554,"reason"
1555,"emotions"
1556,"emotions"
1557,"control group"
1558,"control group"
1559,"control group"
1560,"emotions"
1561,"reason"
1562,"control group"
1563,"control group"
1564,"control group"
1565,"control group"
1566,"emotions"
1567,"control group"
1568,"reason"
1569,"control group"
1570,"control group"
1571,"reason"
1572,"control group"
1573,"reason"
1574,"reason"
1575,"emotions"
1576,"reason"
1577,"emotions"
1578,"emotions"
1579,"control group"
1580,"control group"
1581,"reason"
1582,"emotions"
1583,"reason"
1584,"emotions"
1585,"emotions"
1586,"reason"
1587,"control group"
1588,"emotions"
1589,"control group"
1590,"reason"
1591,"reason"
1592,"control group"
1593,"reason"
1594,"emotions"
1595,"emotions"
1596,"emotions"
1597,"reason"
1598,"reason"
1599,"emotions"
1600,"emotions"
1601,"control group"
1602,"reason"
1603,"reason"
1604,"control group"
1605,"control group"
1606,"reason"
1607,"reason"
1608,"emotions"
1609,"reason"
1610,"control group"
1611,"reason"
1612,"control group"
1613,"reason"
1614,"emotions"
1615,"reason"
1616,"reason"
1617,"emotions"
1618,"control group"
1619,"control group"
1620,"emotions"
1621,"control group"
1622,"control group"
1623,"emotions"
1624,"emotions"
1625,"reason"
1626,"emotions"
1627,"control group"
1628,"control group"
1629,"emotions"
1630,"emotions"
1631,"control group"
1632,"reason"
1633,"emotions"
1634,"emotions"
1635,"emotions"
1636,"emotions"
1637,"control group"
1638,"emotions"
1639,"control group"
1640,"emotions"
1641,"emotions"
1642,"control group"
1643,"control group"
1644,"control group"
1645,"control group"
1646,"control group"
1647,"emotions"
1648,"emotions"
1649,"reason"
1650,"control group"
1651,"emotions"
1652,"reason"
1653,"reason"
1654,"reason"
1655,"reason"
1656,"emotions"
1657,"reason"
1658,"reason"
1659,"emotions"
1660,"reason"
1661,"control group"
1662,"control group"
1663,"control group"
1664,"emotions"
1665,"reason"
1666,"reason"
1667,"control group"
1668,"control group"
1669,"reason"
1670,"reason"
1671,"reason"
1672,"control group"
1673,"reason"
1674,"control group"
1675,"emotions"
1676,"emotions"
1677,"emotions"
1678,"reason"
1679,"control group"
1680,"reason"
1681,"reason"
1682,"reason"
1683,"reason"
1684,"emotions"
1685,"control group"
1686,"reason"
1687,"emotions"
1688,"emotions"
1689,"control group"
1690,"reason"
1691,"reason"
1692,"emotions"
1693,"control group"
1694,"emotions"
1695,"emotions"
1696,"emotions"
1697,"reason"
1698,"emotions"
1699,"reason"
1700,"reason"
1701,"emotions"
1702,"reason"
1703,"reason"
1704,"control group"
1705,"reason"
1706,"control group"
1707,"reason"
1708,"emotions"
1709,"control group"
1710,"reason"
1711,"reason"
1712,"control group"
1713,"reason"
1714,"control group"
1715,"emotions"
1716,"reason"
1717,"emotions"
1718,"emotions"
1719,"control group"
1720,"control group"
1721,"control group"
1722,"reason"
1723,"emotions"
1724,"control group"
1725,"emotions"
1726,"emotions"
1727,"emotions"
1728,"emotions"
1729,"control group"
1730,"emotions"
1731,"control group"
1732,"reason"
1733,"emotions"
1734,"emotions"
1735,"emotions"
1736,"emotions"
1737,"control group"
1738,"control group"
1739,"emotions"
1740,"reason"
1741,"control group"
1742,"control group"
1743,"control group"
1744,"emotions"
1745,"emotions"
1746,"emotions"
1747,"reason"
1748,"reason"
1749,"emotions"
1750,"reason"
1751,"reason"
1752,"emotions"
1753,"reason"
1754,"reason"
1755,"emotions"
1756,"control group"
1757,"emotions"
1758,"reason"
1759,"reason"
1760,"reason"
1761,"control group"
1762,"reason"
1763,"emotions"
1764,"emotions"
1765,"emotions"
1766,"reason"
1767,"emotions"
1768,"reason"
1769,"control group"
1770,"control group"
1771,"emotions"
1772,"control group"
1773,"emotions"
1774,"control group"
1775,"emotions"
1776,"control group"
1777,"emotions"
1778,"reason"
1779,"reason"
1780,"control group"
1781,"control group"
1782,"emotions"
1783,"reason"
1784,"emotions"
1785,"reason"
1786,"reason"
1787,"emotions"
1788,"reason"
1789,"reason"
1790,"reason"
1791,"control group"
1792,"reason"
1793,"control group"
1794,"control group"
1795,"reason"
1796,"control group"
1797,"reason"
1798,"emotions"
1799,"control group"
1800,"emotions"
1801,"emotions"
1802,"control group"
1803,"control group"
1804,"control group"
1805,"control group"
1806,"emotions"
1807,"control group"
1808,"control group"
1809,"emotions"
1810,"emotions"
1811,"emotions"
1812,"control group"
1813,"reason"
1814,"control group"
1815,"reason"
1816,"control group"
1817,"emotions"
1818,"emotions"
1819,"control group"
1820,"control group"
1821,"control group"
1822,"emotions"
1823,"control group"
1824,"reason"
1825,"reason"
1826,"emotions"
1827,"emotions"
1828,"emotions"
1829,"emotions"
1830,"emotions"
1831,"emotions"
1832,"reason"
1833,"emotions"
1834,"reason"
1835,"control group"
1836,"control group"
1837,"reason"
1838,"control group"
1839,"control group"
1840,"emotions"
1841,"control group"
1842,"reason"
1843,"reason"
1844,"control group"
1845,"reason"
1846,"reason"
1847,"emotions"
1848,"reason"
1849,"control group"
1850,"control group"
1851,"control group"
1852,"emotions"
1853,"reason"
1854,"reason"
1855,"control group"
1856,"emotions"
1857,"control group"
1858,"emotions"
1859,"emotions"
1860,"control group"
1861,"reason"
1862,"emotions"
1863,"reason"
1864,"reason"
1865,"emotions"
1866,"reason"
1867,"control group"
1868,"control group"
1869,"reason"
1870,"control group"
1871,"control group"
1872,"control group"
1873,"reason"
1874,"emotions"
1875,"reason"
1876,"emotions"
1877,"emotions"
1878,"reason"
1879,"control group"
1880,"control group"
1881,"reason"
1882,"emotions"
1883,"control group"
1884,"reason"
1885,"emotions"
1886,"emotions"
1887,"reason"
1888,"emotions"
1889,"control group"
1890,"reason"
1891,"control group"
1892,"reason"
1893,"reason"
1894,"reason"
1895,"reason"
1896,"emotions"
1897,"reason"
1898,"emotions"
1899,"emotions"
1900,"emotions"
1901,"emotions"
1902,"reason"
1903,"control group"
1904,"reason"
1905,"control group"
1906,"control group"
1907,"control group"
1908,"emotions"
1909,"emotions"
1910,"control group"
1911,"reason"
1912,"emotions"
1913,"control group"
1914,"emotions"
1915,"reason"
1916,"control group"
1917,"reason"
1918,"control group"
1919,"control group"
1920,"reason"
1921,"control group"
1922,"emotions"
1923,"reason"
1924,"emotions"
1925,"control group"
1926,"reason"
1927,"control group"
1928,"emotions"
1929,"emotions"
1930,"control group"
1931,"control group"
1932,"emotions"
1933,"control group"
1934,"reason"
1935,"reason"
1936,"emotions"
1937,"reason"
1938,"emotions"
1939,"emotions"
1940,"control group"
1941,"control group"
1942,"control group"
1943,"emotions"
1944,"reason"
1945,"reason"
1946,"control group"
1947,"emotions"
1948,"emotions"
1949,"emotions"
1950,"emotions"
1951,"reason"
1952,"control group"
1953,"control group"
1954,"emotions"
1955,"control group"
1956,"reason"
1957,"emotions"
1958,"emotions"
1959,"emotions"
1960,"emotions"
1961,"reason"
1962,"control group"
1963,"reason"
1964,"emotions"
1965,"control group"
1966,"reason"
1967,"emotions"
1968,"reason"
1969,"emotions"
1970,"reason"
1971,"control group"
1972,"emotions"
1973,"control group"
1974,"control group"
1975,"control group"
1976,"control group"
1977,"control group"
1978,"control group"
1979,"reason"
1980,"control group"
1981,"control group"
1982,"reason"
1983,"emotions"
1984,"control group"
1985,"emotions"
1986,"control group"
1987,"reason"
1988,"control group"
1989,"reason"
1990,"emotions"
1991,"emotions"
1992,"emotions"
1993,"emotions"
1994,"reason"
1995,"control group"
1996,"control group"
1997,"reason"
1998,"emotions"
1999,"reason"
2000,"reason"
2001,"reason"
2002,"reason"
2003,"emotions"
2004,"control group"
2005,"control group"
2006,"reason"
2007,"emotions"
2008,"emotions"
2009,"emotions"
2010,"reason"
2011,"emotions"
2012,"emotions"
2013,"emotions"
2014,"reason"
2015,"emotions"
2016,"emotions"
2017,"control group"
2018,"emotions"
2019,"reason"
2020,"emotions"
2021,"reason"
2022,"emotions"
2023,"reason"
2024,"control group"
2025,"emotions"
2026,"reason"
2027,"emotions"
2028,"reason"
2029,"control group"
2030,"reason"
2031,"reason"
2032,"reason"
2033,"emotions"
2034,"reason"
2035,"control group"
2036,"control group"
2037,"emotions"
2038,"emotions"
2039,"emotions"
2040,"reason"
2041,"reason"
2042,"reason"
2043,"emotions"
2044,"emotions"
2045,"control group"
2046,"reason"
2047,"reason"
2048,"reason"
2049,"control group"
2050,"emotions"
2051,"control group"
2052,"reason"
2053,"control group"
2054,"emotions"
2055,"emotions"
2056,"control group"
2057,"control group"
2058,"reason"
2059,"reason"
2060,"emotions"
2061,"control group"
2062,"reason"
2063,"control group"
2064,"control group"
2065,"emotions"
2066,"emotions"
2067,"control group"
2068,"emotions"
2069,"reason"
2070,"reason"
2071,"control group"
2072,"control group"
2073,"reason"
2074,"emotions"
2075,"reason"
2076,"emotions"
2077,"emotions"
2078,"control group"
2079,"emotions"
2080,"emotions"
2081,"control group"
2082,"reason"
2083,"control group"
2084,"reason"
2085,"control group"
2086,"reason"
2087,"control group"
2088,"reason"
2089,"control group"
2090,"emotions"
2091,"emotions"
2092,"reason"
2093,"control group"
2094,"reason"
2095,"reason"
2096,"reason"
2097,"reason"
2098,"emotions"
2099,"reason"
2100,"reason"
2101,"reason"
2102,"emotions"
2103,"emotions"
2104,"emotions"
2105,"reason"
2106,"control group"
2107,"emotions"
2108,"control group"
2109,"control group"
2110,"emotions"
2111,"emotions"
2112,"control group"
2113,"control group"
2114,"reason"
2115,"reason"
2116,"reason"
2117,"reason"
2118,"emotions"
2119,"reason"
2120,"reason"
2121,"reason"
2122,"reason"
2123,"control group"
2124,"reason"
2125,"emotions"
2126,"emotions"
2127,"emotions"
2128,"control group"
2129,"reason"
2130,"control group"
2131,"reason"
2132,"emotions"
2133,"emotions"
2134,"reason"
2135,"control group"
2136,"reason"
2137,"emotions"
2138,"control group"
2139,"reason"
2140,"control group"
2141,"control group"
2142,"emotions"
2143,"emotions"
2144,"reason"
2145,"control group"
2146,"emotions"
2147,"emotions"
2148,"reason"
2149,"reason"
2150,"control group"
2151,"reason"
2152,"emotions"
2153,"reason"
2154,"reason"
2155,"reason"
2156,"control group"
2157,"control group"
2158,"control group"
2159,"emotions"
2160,"emotions"
2161,"emotions"
2162,"control group"
2163,"emotions"
2164,"reason"
2165,"control group"
2166,"reason"
2167,"emotions"
2168,"control group"
2169,"control group"
2170,"reason"
2171,"reason"
2172,"control group"
2173,"reason"
2174,"control group"
2175,"control group"
2176,"reason"
2177,"control group"
2178,"reason"
2179,"control group"
2180,"emotions"
2181,"reason"
2182,"control group"
2183,"emotions"
2184,"reason"
2185,"reason"
2186,"reason"
2187,"reason"
2188,"control group"
2189,"emotions"
2190,"reason"
2191,"emotions"
2192,"emotions"
2193,"emotions"
2194,"control group"
2195,"control group"
2196,"emotions"
2197,"control group"
2198,"reason"
2199,"emotions"
2200,"emotions"
2201,"control group"
2202,"control group"
2203,"control group"
2204,"control group"
2205,"emotions"
2206,"control group"
2207,"control group"
2208,"emotions"
2209,"control group"
2210,"emotions"
2211,"control group"
2212,"reason"
2213,"control group"
2214,"emotions"
2215,"control group"
2216,"reason"
2217,"reason"
2218,"emotions"
2219,"emotions"
2220,"reason"
2221,"control group"
2222,"control group"
2223,"reason"
2224,"control group"
2225,"reason"
2226,"control group"
2227,"emotions"
2228,"control group"
2229,"control group"
2230,"emotions"
2231,"emotions"
2232,"reason"
2233,"control group"
2234,"emotions"
2235,"emotions"
2236,"emotions"
2237,"reason"
2238,"reason"
2239,"emotions"
2240,"reason"
2241,"reason"
2242,"reason"
2243,"emotions"
2244,"emotions"
2245,"reason"
2246,"control group"
2247,"emotions"
2248,"reason"
2249,"control group"
2250,"emotions"
2251,"emotions"
2252,"control group"
2253,"emotions"
2254,"emotions"
2255,"control group"
2256,"emotions"
2257,"control group"
2258,"reason"
2259,"emotions"
2260,"reason"
2261,"emotions"
2262,"control group"
2263,"reason"
2264,"control group"
2265,"emotions"
2266,"control group"
2267,"reason"
2268,"reason"
2269,"control group"
2270,"reason"
2271,"reason"
2272,"emotions"
2273,"emotions"
2274,"control group"
2275,"reason"
2276,"reason"
2277,"reason"
2278,"reason"
2279,"reason"
2280,"control group"
2281,"reason"
2282,"control group"
2283,"emotions"
2284,"control group"
2285,"reason"
2286,"control group"
2287,"emotions"
2288,"reason"
2289,"control group"
2290,"emotions"
2291,"control group"
2292,"control group"
2293,"control group"
2294,"control group"
2295,"emotions"
2296,"control group"
2297,"emotions"
2298,"control group"
2299,"control group"
2300,"control group"
2301,"reason"
2302,"reason"
2303,"reason"
2304,"reason"
2305,"control group"
2306,"reason"
2307,"emotions"
2308,"emotions"
2309,"control group"
2310,"reason"
2311,"control group"
2312,"reason"
2313,"control group"
2314,"reason"
2315,"emotions"
2316,"control group"
2317,"emotions"
2318,"emotions"
2319,"emotions"
2320,"control group"
2321,"reason"
2322,"emotions"
2323,"reason"
2324,"reason"
2325,"reason"
2326,"reason"
2327,"control group"
2328,"control group"
2329,"reason"
2330,"reason"
2331,"control group"
2332,"control group"
2333,"reason"
2334,"control group"
2335,"emotions"
2336,"emotions"
2337,"emotions"
2338,"emotions"
2339,"emotions"
2340,"control group"
2341,"reason"
2342,"control group"
2343,"reason"
2344,"control group"
2345,"reason"
2346,"reason"
2347,"control group"
2348,"control group"
2349,"reason"
2350,"control group"
2351,"emotions"
2352,"reason"
2353,"reason"
2354,"emotions"
2355,"reason"
2356,"control group"
2357,"control group"
2358,"control group"
2359,"control group"
2360,"emotions"
2361,"reason"
2362,"reason"
2363,"reason"
2364,"emotions"
2365,"reason"
2366,"control group"
2367,"reason"
2368,"reason"
2369,"control group"
2370,"emotions"
2371,"control group"
2372,"reason"
2373,"reason"
2374,"reason"
2375,"emotions"
2376,"control group"
2377,"control group"
2378,"control group"
2379,"control group"
2380,"control group"
2381,"control group"
2382,"control group"
2383,"control group"
2384,"emotions"
2385,"emotions"
2386,"control group"
2387,"emotions"
2388,"reason"
2389,"reason"
2390,"reason"
2391,"control group"
2392,"emotions"
2393,"reason"
2394,"control group"
2395,"reason"
2396,"emotions"
2397,"reason"
2398,"reason"
2399,"reason"
2400,"reason"
2401,"emotions"
2402,"emotions"
2403,"reason"
2404,"control group"
2405,"control group"
2406,"reason"
2407,"reason"
2408,"emotions"
2409,"control group"
2410,"emotions"
2411,"control group"
2412,"emotions"
2413,"reason"
2414,"emotions"
2415,"reason"
2416,"reason"
2417,"reason"
2418,"emotions"
2419,"control group"
2420,"reason"
2421,"emotions"
2422,"reason"
2423,"control group"
2424,"reason"
2425,"emotions"
2426,"control group"
2427,"control group"
2428,"control group"
2429,"control group"
2430,"emotions"
2431,"control group"
2432,"reason"
2433,"reason"
2434,"emotions"
2435,"emotions"
2436,"control group"
2437,"control group"
2438,"control group"
2439,"emotions"
2440,"emotions"
2441,"emotions"
2442,"control group"
2443,"emotions"
2444,"reason"
2445,"reason"
2446,"reason"
2447,"reason"
2448,"control group"
2449,"emotions"
2450,"reason"
2451,"control group"
2452,"reason"
2453,"reason"
2454,"control group"
2455,"control group"
2456,"reason"
2457,"emotions"
2458,"emotions"
2459,"emotions"
2460,"control group"
2461,"emotions"
2462,"control group"
2463,"control group"
2464,"emotions"
2465,"emotions"
2466,"emotions"
2467,"emotions"
2468,"emotions"
2469,"emotions"
2470,"reason"
2471,"control group"
2472,"emotions"
2473,"control group"
2474,"reason"
2475,"control group"
2476,"emotions"
2477,"reason"
2478,"emotions"
2479,"emotions"
2480,"control group"
2481,"control group"
2482,"control group"
2483,"reason"
2484,"control group"
2485,"emotions"
2486,"emotions"
2487,"emotions"
2488,"emotions"
2489,"reason"
2490,"emotions"
2491,"reason"
2492,"emotions"
2493,"emotions"
2494,"emotions"
2495,"emotions"
2496,"emotions"
2497,"emotions"
2498,"control group"
2499,"emotions"
2500,"reason"
2501,"reason"
2502,"control group"
2503,"reason"
2504,"reason"
2505,"emotions"
2506,"emotions"
2507,"control group"
2508,"control group"
2509,"reason"
2510,"control group"
2511,"emotions"
2512,"control group"
2513,"reason"
2514,"control group"
2515,"control group"
2516,"reason"
2517,"reason"
2518,"emotions"
2519,"control group"
2520,"control group"
2521,"control group"
2522,"control group"
2523,"reason"
2524,"reason"
2525,"emotions"
2526,"control group"
2527,"control group"
2528,"reason"
2529,"emotions"
2530,"reason"
2531,"control group"
2532,"control group"
2533,"emotions"
2534,"reason"
2535,"control group"
2536,"emotions"
2537,"emotions"
2538,"reason"
2539,"reason"
2540,"reason"
2541,"reason"
2542,"control group"
2543,"control group"
2544,"reason"
2545,"reason"
2546,"reason"
2547,"emotions"
2548,"emotions"
2549,"emotions"
2550,"reason"
2551,"emotions"
2552,"control group"
2553,"reason"
2554,"reason"
2555,"reason"
2556,"emotions"
2557,"reason"
2558,"reason"
2559,"reason"
2560,"control group"
2561,"control group"
2562,"control group"
2563,"control group"
2564,"control group"
2565,"control group"
2566,"reason"
2567,"emotions"
2568,"emotions"
2569,"emotions"
2570,"emotions"
2571,"reason"
2572,"emotions"
2573,"control group"
2574,"reason"
2575,"emotions"
2576,"control group"
2577,"control group"
2578,"reason"
2579,"emotions"
2580,"emotions"
2581,"emotions"
2582,"reason"
2583,"control group"
2584,"control group"
2585,"control group"
2586,"reason"
2587,"control group"
2588,"reason"
2589,"reason"
2590,"control group"
2591,"control group"
2592,"emotions"
2593,"reason"
2594,"control group"
2595,"reason"
2596,"emotions"
2597,"reason"
2598,"reason"
2599,"emotions"
2600,"control group"
2601,"reason"
2602,"reason"
2603,"control group"
2604,"emotions"
2605,"reason"
2606,"emotions"
2607,"control group"
2608,"emotions"
2609,"control group"
2610,"emotions"
2611,"control group"
2612,"control group"
2613,"control group"
2614,"reason"
2615,"control group"
2616,"control group"
2617,"control group"
2618,"emotions"
2619,"emotions"
2620,"reason"
2621,"control group"
2622,"emotions"
2623,"reason"
2624,"emotions"
2625,"emotions"
2626,"control group"
2627,"control group"
2628,"reason"
2629,"reason"
2630,"reason"
2631,"control group"
2632,"reason"
2633,"control group"
2634,"reason"
2635,"control group"
2636,"emotions"
2637,"control group"
2638,"control group"
2639,"reason"
2640,"control group"
2641,"reason"
2642,"control group"
2643,"emotions"
2644,"reason"
2645,"control group"
2646,"reason"
2647,"control group"
2648,"emotions"
2649,"control group"
2650,"reason"
2651,"control group"
2652,"emotions"
2653,"reason"
2654,"reason"
2655,"reason"
2656,"reason"
2657,"reason"
2658,"emotions"
2659,"reason"
2660,"reason"
2661,"emotions"
2662,"reason"
2663,"reason"
2664,"control group"
2665,"emotions"
2666,"reason"
2667,"emotions"
2668,"emotions"
2669,"emotions"
2670,"emotions"
2671,"reason"
2672,"reason"
2673,"reason"
2674,"control group"
2675,"control group"
2676,"emotions"
2677,"reason"
2678,"reason"
2679,"emotions"
2680,"emotions"
2681,"reason"
2682,"emotions"
2683,"emotions"
2684,"emotions"
2685,"emotions"
2686,"reason"
2687,"reason"
2688,"emotions"
2689,"reason"
2690,"control group"
2691,"reason"
2692,"emotions"
2693,"reason"
2694,"emotions"
2695,"control group"
2696,"control group"
2697,"control group"
2698,"emotions"
2699,"reason"
2700,"control group"
2701,"control group"
2702,"reason"
2703,"emotions"
2704,"emotions"
2705,"reason"
2706,"reason"
2707,"emotions"
2708,"control group"
2709,"control group"
2710,"control group"
2711,"control group"
2712,"reason"
2713,"reason"
2714,"emotions"
2715,"control group"
2716,"emotions"
2717,"control group"
2718,"control group"
2719,"control group"
2720,"control group"
2721,"reason"
2722,"emotions"
2723,"emotions"
2724,"reason"
2725,"emotions"
2726,"emotions"
2727,"control group"
2728,"emotions"
2729,"control group"
2730,"emotions"
2731,"control group"
2732,"control group"
2733,"emotions"
2734,"control group"
2735,"emotions"
2736,"reason"
2737,"control group"
2738,"emotions"
2739,"control group"
2740,"reason"
2741,"control group"
2742,"emotions"
2743,"emotions"
2744,"emotions"
2745,"emotions"
2746,"emotions"
2747,"control group"
2748,"control group"
2749,"emotions"
2750,"reason"
2751,"reason"
2752,"reason"
2753,"emotions"
2754,"reason"
2755,"emotions"
2756,"emotions"
2757,"reason"
2758,"reason"
2759,"emotions"
2760,"emotions"
2761,"reason"
2762,"reason"
2763,"emotions"
2764,"reason"
2765,"emotions"
2766,"control group"
2767,"emotions"
2768,"control group"
2769,"control group"
2770,"control group"
2771,"reason"
2772,"reason"
2773,"reason"
2774,"reason"
2775,"reason"
2776,"reason"
2777,"emotions"
2778,"reason"
2779,"emotions"
2780,"emotions"
2781,"reason"
2782,"emotions"
2783,"reason"
2784,"emotions"
2785,"control group"
2786,"emotions"
2787,"control group"
2788,"emotions"
2789,"reason"
2790,"control group"
2791,"emotions"
2792,"reason"
2793,"reason"
2794,"reason"
2795,"control group"
2796,"control group"
2797,"reason"
2798,"control group"
2799,"reason"
2800,"emotions"
2801,"emotions"
2802,"emotions"
2803,"control group"
2804,"reason"
2805,"emotions"
2806,"control group"
2807,"reason"
2808,"emotions"
2809,"reason"
2810,"control group"
2811,"emotions"
2812,"reason"
2813,"emotions"
2814,"control group"
2815,"emotions"
2816,"control group"
2817,"emotions"
2818,"control group"
2819,"reason"
2820,"control group"
2821,"reason"
2822,"reason"
2823,"control group"
2824,"control group"
2825,"control group"
2826,"reason"
2827,"reason"
2828,"reason"
2829,"reason"
2830,"control group"
2831,"reason"
2832,"reason"
2833,"control group"
2834,"control group"
2835,"emotions"
2836,"emotions"
2837,"reason"
2838,"emotions"
2839,"emotions"
2840,"control group"
2841,"reason"
2842,"control group"
2843,"emotions"
2844,"emotions"
2845,"reason"
2846,"control group"
2847,"control group"
2848,"control group"
2849,"reason"
2850,"reason"
2851,"control group"
2852,"control group"
2853,"emotions"
2854,"control group"
2855,"emotions"
2856,"control group"
2857,"reason"
2858,"control group"
2859,"emotions"
2860,"emotions"
2861,"reason"
2862,"emotions"
2863,"control group"
2864,"reason"
2865,"control group"
2866,"emotions"
2867,"reason"
2868,"control group"
2869,"emotions"
2870,"reason"
2871,"control group"
2872,"emotions"
2873,"reason"
2874,"control group"
2875,"control group"
2876,"control group"
2877,"reason"
2878,"control group"
2879,"emotions"
2880,"control group"
2881,"emotions"
2882,"emotions"
2883,"emotions"
2884,"reason"
2885,"emotions"
2886,"reason"
2887,"control group"
2888,"emotions"
2889,"control group"
2890,"emotions"
2891,"emotions"
2892,"reason"
2893,"emotions"
2894,"emotions"
2895,"control group"
2896,"control group"
2897,"reason"
2898,"control group"
2899,"reason"
2900,"emotions"
2901,"control group"
2902,"reason"
2903,"reason"
2904,"reason"
2905,"reason"
2906,"reason"
2907,"emotions"
2908,"emotions"
2909,"emotions"
2910,"emotions"
2911,"reason"
2912,"control group"
2913,"emotions"
2914,"reason"
2915,"reason"
2916,"control group"
2917,"reason"
2918,"reason"
2919,"reason"
2920,"control group"
2921,"reason"
2922,"emotions"
2923,"emotions"
2924,"control group"
2925,"control group"
2926,"control group"
2927,"emotions"
2928,"control group"
2929,"emotions"
2930,"reason"
2931,"control group"
2932,"emotions"
2933,"control group"
2934,"reason"
2935,"emotions"
2936,"control group"
2937,"reason"
2938,"emotions"
2939,"emotions"
2940,"emotions"
2941,"reason"
2942,"reason"
2943,"control group"
2944,"control group"
2945,"emotions"
2946,"control group"
2947,"reason"
2948,"control group"
2949,"emotions"
2950,"reason"
2951,"emotions"
2952,"reason"
2953,"emotions"
2954,"emotions"
2955,"emotions"
2956,"control group"
2957,"control group"
2958,"reason"
2959,"control group"
2960,"control group"
2961,"control group"
2962,"reason"
2963,"reason"
2964,"emotions"
2965,"emotions"
2966,"emotions"
2967,"emotions"
2968,"control group"
2969,"emotions"
2970,"reason"
2971,"reason"
2972,"control group"
2973,"emotions"
2974,"control group"
2975,"control group"
2976,"reason"
2977,"control group"
2978,"reason"
2979,"control group"
2980,"emotions"
2981,"emotions"
2982,"emotions"
2983,"emotions"
2984,"emotions"
2985,"emotions"
2986,"emotions"
2987,"emotions"
2988,"reason"
2989,"control group"
2990,"reason"
2991,"emotions"
2992,"control group"
2993,"emotions"
2994,"emotions"
2995,"reason"
2996,"control group"
2997,"reason"
2998,"reason"
2999,"control group"
3000,"reason"
3001,"emotions"
3002,"control group"
3003,"emotions"
3004,"emotions"
3005,"emotions"
3006,"control group"
3007,"reason"
3008,"control group"
3009,"reason"
3010,"emotions"
3011,"reason"
3012,"control group"
3013,"emotions"
3014,"control group"
3015,"emotions"
3016,"reason"
3017,"emotions"
3018,"control group"
3019,"reason"
3020,"emotions"
3021,"control group"
3022,"emotions"
3023,"reason"
3024,"control group"
3025,"reason"
3026,"reason"
3027,"control group"
3028,"reason"
3029,"emotions"
3030,"reason"
3031,"control group"
3032,"reason"
3033,"control group"
3034,"reason"
3035,"emotions"
3036,"emotions"
3037,"reason"
3038,"emotions"
3039,"emotions"
3040,"emotions"
3041,"control group"
3042,"emotions"
3043,"reason"
3044,"emotions"
3045,"control group"
3046,"reason"
3047,"control group"
3048,"control group"
3049,"control group"
3050,"reason"
3051,"reason"
3052,"emotions"
3053,"reason"
3054,"emotions"
3055,"emotions"
3056,"reason"
3057,"emotions"
3058,"emotions"
3059,"control group"
3060,"reason"
3061,"reason"
3062,"control group"
3063,"emotions"
3064,"reason"
3065,"control group"
3066,"control group"
3067,"reason"
3068,"control group"
3069,"reason"
3070,"control group"
3071,"reason"
3072,"control group"
3073,"emotions"
3074,"control group"
3075,"control group"
3076,"control group"
3077,"emotions"
3078,"reason"
3079,"control group"
3080,"control group"
3081,"emotions"
3082,"reason"
3083,"emotions"
3084,"control group"
3085,"control group"
3086,"control group"
3087,"control group"
3088,"control group"
3089,"emotions"
3090,"emotions"
3091,"control group"
3092,"reason"
3093,"reason"
3094,"reason"
3095,"control group"
3096,"control group"
3097,"emotions"
3098,"reason"
3099,"control group"
3100,"control group"
3101,"emotions"
3102,"reason"
3103,"reason"
3104,"emotions"
3105,"reason"
3106,"control group"
3107,"reason"
3108,"reason"
3109,"control group"
3110,"emotions"
3111,"emotions"
3112,"emotions"
3113,"emotions"
3114,"emotions"
3115,"control group"
3116,"reason"
3117,"reason"
3118,"emotions"
3119,"emotions"
3120,"emotions"
3121,"reason"
3122,"emotions"
3123,"reason"
3124,"control group"
3125,"emotions"
3126,"emotions"
3127,"control group"
3128,"reason"
3129,"emotions"
3130,"reason"
3131,"emotions"
3132,"control group"
3133,"reason"
3134,"emotions"
3135,"control group"
3136,"control group"
3137,"control group"
3138,"reason"
3139,"emotions"
3140,"control group"
3141,"reason"
3142,"emotions"
3143,"control group"
3144,"reason"
3145,"reason"
3146,"control group"
3147,"emotions"
3148,"control group"
3149,"reason"
3150,"emotions"
3151,"reason"
3152,"reason"
3153,"reason"
3154,"emotions"
3155,"control group"
3156,"control group"
3157,"emotions"
3158,"control group"
3159,"control group"
3160,"control group"
3161,"control group"
3162,"emotions"
3163,"emotions"
3164,"reason"
3165,"control group"
3166,"control group"
3167,"reason"
3168,"emotions"
3169,"emotions"
3170,"control group"
3171,"reason"
3172,"control group"
3173,"reason"
3174,"control group"
3175,"emotions"
3176,"emotions"
3177,"control group"
3178,"emotions"
3179,"reason"
3180,"emotions"
3181,"emotions"
3182,"reason"
3183,"reason"
3184,"emotions"
3185,"control group"
3186,"control group"
3187,"reason"
3188,"reason"
3189,"control group"
3190,"reason"
3191,"reason"
3192,"emotions"
3193,"emotions"
3194,"control group"
3195,"reason"
3196,"control group"
3197,"emotions"
3198,"reason"
3199,"emotions"
3200,"reason"
3201,"emotions"
3202,"emotions"
3203,"emotions"
3204,"emotions"
3205,"emotions"
3206,"reason"
3207,"control group"
3208,"emotions"
3209,"reason"
3210,"emotions"
3211,"control group"
3212,"reason"
3213,"control group"
3214,"reason"
3215,"reason"
3216,"reason"
3217,"emotions"
3218,"control group"
3219,"reason"
3220,"emotions"
3221,"control group"
3222,"control group"
3223,"control group"
3224,"control group"
3225,"emotions"
3226,"emotions"
3227,"emotions"
3228,"control group"
3229,"control group"
3230,"control group"
3231,"emotions"
3232,"emotions"
3233,"reason"
3234,"emotions"
3235,"reason"
3236,"emotions"
3237,"reason"
3238,"control group"
3239,"emotions"
3240,"reason"
3241,"emotions"
3242,"emotions"
3243,"reason"
3244,"emotions"
3245,"emotions"
3246,"emotions"
3247,"reason"
3248,"reason"
3249,"emotions"
3250,"emotions"
3251,"control group"
3252,"reason"
3253,"emotions"
3254,"emotions"
3255,"control group"
3256,"control group"
3257,"emotions"
3258,"emotions"
3259,"control group"
3260,"reason"
3261,"reason"
3262,"control group"
3263,"emotions"
3264,"reason"
3265,"reason"
3266,"emotions"
3267,"emotions"
3268,"control group"
3269,"emotions"
3270,"control group"
3271,"reason"
3272,"emotions"
3273,"control group"
3274,"reason"
3275,"control group"
3276,"emotions"
3277,"control group"
3278,"reason"
3279,"emotions"
3280,"control group"
3281,"reason"
3282,"control group"
3283,"reason"
3284,"emotions"
3285,"emotions"
3286,"control group"
3287,"reason"
3288,"emotions"
3289,"emotions"
3290,"reason"
3291,"emotions"
3292,"emotions"
3293,"emotions"
3294,"control group"
3295,"reason"
3296,"emotions"
3297,"emotions"
3298,"reason"
3299,"control group"
3300,"reason"
3301,"reason"
3302,"control group"
3303,"reason"
3304,"control group"
3305,"control group"
3306,"control group"
3307,"control group"
3308,"emotions"
3309,"reason"
3310,"reason"
3311,"reason"
3312,"control group"
3313,"reason"
3314,"emotions"
3315,"reason"
3316,"emotions"
3317,"emotions"
3318,"control group"
3319,"control group"
3320,"control group"
3321,"reason"
3322,"reason"
3323,"control group"
3324,"emotions"
3325,"reason"
3326,"emotions"
3327,"control group"
3328,"emotions"
3329,"emotions"
3330,"emotions"
3331,"reason"
3332,"reason"
3333,"control group"
3334,"control group"
3335,"reason"
3336,"control group"
3337,"control group"
3338,"reason"
3339,"reason"
3340,"emotions"
3341,"control group"
3342,"control group"
3343,"reason"
3344,"emotions"
3345,"control group"
3346,"control group"
3347,"reason"
3348,"emotions"
3349,"reason"
3350,"emotions"
3351,"control group"
3352,"control group"
3353,"control group"
3354,"control group"
3355,"reason"
3356,"reason"
3357,"reason"
3358,"control group"
3359,"control group"
3360,"control group"
3361,"emotions"
3362,"reason"
3363,"emotions"
3364,"control group"
3365,"control group"
3366,"emotions"
3367,"control group"
3368,"control group"
3369,"reason"
3370,"emotions"
3371,"control group"
3372,"reason"
3373,"reason"
3374,"reason"
3375,"emotions"
3376,"reason"
3377,"reason"
3378,"control group"
3379,"reason"
3380,"emotions"
3381,"reason"
3382,"emotions"
3383,"emotions"
3384,"reason"
3385,"control group"
3386,"emotions"
3387,"reason"
3388,"emotions"
3389,"control group"
3390,"emotions"
3391,"control group"
3392,"emotions"
3393,"control group"
3394,"reason"
3395,"emotions"
3396,"reason"
3397,"control group"
3398,"reason"
3399,"reason"
3400,"control group"
3401,"emotions"
3402,"emotions"
3403,"reason"
3404,"emotions"
3405,"reason"
3406,"emotions"
3407,"reason"
3408,"control group"
3409,"emotions"
3410,"emotions"
3411,"emotions"
3412,"reason"
3413,"emotions"
3414,"control group"
3415,"control group"
3416,"reason"
3417,"control group"
3418,"emotions"
3419,"reason"
3420,"reason"
3421,"control group"
3422,"emotions"
3423,"control group"
3424,"reason"
3425,"control group"
3426,"reason"
3427,"reason"
3428,"reason"
3429,"reason"
3430,"control group"
3431,"control group"
3432,"control group"
3433,"reason"
3434,"emotions"
3435,"emotions"
3436,"control group"
3437,"reason"
3438,"reason"
3439,"control group"
3440,"control group"
3441,"emotions"
3442,"control group"
3443,"reason"
3444,"emotions"
3445,"control group"
3446,"control group"
3447,"emotions"
3448,"emotions"
3449,"emotions"
3450,"control group"
3451,"emotions"
3452,"control group"
3453,"control group"
3454,"control group"
3455,"control group"
3456,"emotions"
3457,"reason"
3458,"control group"
3459,"emotions"
3460,"reason"
3461,"control group"
3462,"control group"
3463,"reason"
3464,"control group"
3465,"emotions"
3466,"emotions"
3467,"emotions"
3468,"reason"
3469,"reason"
3470,"control group"
3471,"reason"
3472,"control group"
3473,"control group"
3474,"control group"
3475,"control group"
3476,"emotions"
3477,"reason"
3478,"emotions"
3479,"emotions"
3480,"reason"
3481,"emotions"
3482,"reason"
3483,"emotions"
3484,"reason"
3485,"reason"
3486,"control group"
3487,"reason"
3488,"emotions"
3489,"emotions"
3490,"emotions"
3491,"control group"
3492,"control group"
3493,"control group"
3494,"emotions"
3495,"reason"
3496,"reason"
3497,"control group"
3498,"emotions"
3499,"reason"
3500,"control group"
3501,"emotions"
3502,"reason"
3503,"reason"
3504,"reason"
3505,"reason"
3506,"emotions"
3507,"emotions"
3508,"reason"
3509,"reason"
3510,"emotions"
3511,"control group"
3512,"control group"
3513,"reason"
3514,"reason"
3515,"reason"
3516,"reason"
3517,"control group"
3518,"emotions"
3519,"control group"
3520,"control group"
3521,"reason"
3522,"control group"
3523,"emotions"
3524,"reason"
3525,"reason"
3526,"reason"
3527,"reason"
3528,"control group"
3529,"reason"
3530,"reason"
3531,"emotions"
3532,"emotions"
3533,"control group"
3534,"reason"
3535,"reason"
3536,"control group"
3537,"control group"
3538,"reason"
3539,"emotions"
3540,"control group"
3541,"control group"
3542,"control group"
3543,"emotions"
3544,"reason"
3545,"reason"
3546,"control group"
3547,"emotions"
3548,"emotions"
3549,"control group"
3550,"emotions"
3551,"control group"
3552,"control group"
3553,"reason"
3554,"reason"
3555,"reason"
3556,"reason"
3557,"reason"
3558,"control group"
3559,"reason"
3560,"control group"
3561,"control group"
3562,"control group"
3563,"control group"
3564,"reason"
3565,"reason"
3566,"emotions"
3567,"control group"
3568,"control group"
3569,"control group"
3570,"control group"
3571,"emotions"
3572,"control group"
3573,"control group"
3574,"emotions"
3575,"control group"
3576,"control group"
3577,"reason"
3578,"emotions"
3579,"control group"
3580,"emotions"
3581,"emotions"
3582,"emotions"
3583,"reason"
3584,"control group"
3585,"control group"
3586,"control group"
3587,"control group"
3588,"reason"
3589,"reason"
3590,"reason"
3591,"emotions"
3592,"control group"
3593,"reason"
3594,"control group"
3595,"control group"
3596,"control group"
3597,"emotions"
3598,"emotions"
3599,"control group"
3600,"reason"
3601,"reason"
3602,"control group"
3603,"reason"
3604,"reason"
3605,"control group"
3606,"reason"
3607,"emotions"
3608,"control group"
3609,"emotions"
3610,"emotions"
3611,"reason"
3612,"reason"
3613,"control group"
3614,"emotions"
3615,"control group"
3616,"emotions"
3617,"control group"
3618,"control group"
3619,"emotions"
3620,"reason"
3621,"reason"
3622,"emotions"
3623,"reason"
3624,"control group"
3625,"reason"
3626,"control group"
3627,"control group"
3628,"control group"
3629,"control group"
3630,"control group"
3631,"emotions"
3632,"reason"
3633,"emotions"
3634,"emotions"
3635,"emotions"
3636,"emotions"
3637,"reason"
3638,"control group"
3639,"emotions"
3640,"control group"
3641,"control group"
3642,"reason"
3643,"control group"
3644,"reason"
3645,"emotions"
3646,"control group"
3647,"control group"
3648,"reason"
3649,"reason"
3650,"emotions"
3651,"reason"
3652,"control group"
3653,"control group"
3654,"control group"
3655,"reason"
3656,"control group"
3657,"emotions"
3658,"reason"
3659,"control group"
3660,"emotions"
3661,"emotions"
3662,"control group"
3663,"control group"
3664,"control group"
3665,"reason"
3666,"emotions"
3667,"reason"
3668,"control group"
3669,"control group"
3670,"reason"
3671,"emotions"
3672,"emotions"
3673,"reason"
3674,"emotions"
3675,"emotions"
3676,"control group"
3677,"control group"
3678,"control group"
3679,"emotions"
3680,"control group"
3681,"control group"
3682,"emotions"
3683,"control group"
3684,"reason"
3685,"emotions"
3686,"control group"
3687,"reason"
3688,"reason"
3689,"reason"
3690,"control group"
3691,"emotions"
3692,"emotions"
3693,"emotions"
3694,"emotions"
3695,"control group"
3696,"control group"
3697,"reason"
3698,"control group"
3699,"reason"
3700,"control group"
3701,"control group"
3702,"emotions"
3703,"control group"
3704,"control group"
3705,"reason"
3706,"control group"
3707,"reason"
3708,"emotions"
3709,"control group"
3710,"control group"
3711,"emotions"
3712,"emotions"
3713,"reason"
3714,"emotions"
3715,"reason"
3716,"control group"
3717,"emotions"
3718,"emotions"
3719,"emotions"
3720,"emotions"
3721,"reason"
3722,"emotions"
3723,"control group"
3724,"control group"
3725,"emotions"
3726,"emotions"
3727,"reason"
3728,"reason"
3729,"reason"
3730,"emotions"
3731,"control group"
3732,"reason"
3733,"control group"
3734,"emotions"
3735,"reason"
3736,"control group"
3737,"reason"
3738,"emotions"
3739,"reason"
3740,"emotions"
3741,"reason"
3742,"reason"
3743,"reason"
3744,"emotions"
3745,"control group"
3746,"emotions"
3747,"emotions"
3748,"control group"
3749,"reason"
3750,"reason"
3751,"emotions"
3752,"reason"
3753,"emotions"
3754,"emotions"
3755,"control group"
3756,"reason"
3757,"control group"
3758,"reason"
3759,"control group"
3760,"emotions"
3761,"emotions"
3762,"emotions"
3763,"control group"
3764,"control group"
3765,"reason"
3766,"reason"
3767,"control group"
3768,"control group"
3769,"control group"
3770,"reason"
3771,"reason"
3772,"reason"
3773,"control group"
3774,"control group"
3775,"control group"
3776,"emotions"
3777,"control group"
3778,"emotions"
3779,"reason"
3780,"reason"
3781,"control group"
3782,"emotions"
3783,"reason"
3784,"reason"
3785,"emotions"
3786,"control group"
3787,"control group"
3788,"control group"
3789,"reason"
3790,"control group"
3791,"reason"
3792,"control group"
3793,"reason"
3794,"emotions"
3795,"reason"
3796,"control group"
3797,"reason"
3798,"control group"
3799,"emotions"
3800,"emotions"
3801,"reason"
3802,"reason"
3803,"reason"
3804,"control group"
3805,"reason"
3806,"reason"
3807,"control group"
3808,"control group"
3809,"emotions"
3810,"reason"
3811,"reason"
3812,"control group"
3813,"reason"
3814,"emotions"
3815,"emotions"
3816,"reason"
3817,"emotions"
3818,"reason"
3819,"emotions"
3820,"emotions"
3821,"control group"
3822,"emotions"
3823,"emotions"
3824,"reason"
3825,"control group"
3826,"control group"
3827,"control group"
3828,"control group"
3829,"reason"
3830,"control group"
3831,"reason"
3832,"reason"
3833,"reason"
3834,"reason"
3835,"emotions"
3836,"reason"
3837,"control group"
3838,"control group"
3839,"reason"
3840,"control group"
3841,"emotions"
3842,"control group"
3843,"emotions"
3844,"reason"
3845,"emotions"
3846,"control group"
3847,"reason"
3848,"reason"
3849,"control group"
3850,"reason"
3851,"control group"
3852,"emotions"
3853,"reason"
3854,"emotions"
3855,"reason"
3856,"emotions"
3857,"reason"
3858,"reason"
3859,"control group"
3860,"emotions"
3861,"control group"
3862,"control group"
3863,"reason"
3864,"reason"
3865,"emotions"
3866,"control group"
3867,"reason"
3868,"control group"
3869,"reason"
3870,"emotions"
3871,"control group"
3872,"reason"
3873,"emotions"
3874,"reason"
3875,"emotions"
3876,"control group"
3877,"control group"
3878,"reason"
3879,"reason"
3880,"emotions"
3881,"reason"
3882,"reason"
3883,"control group"
3884,"control group"
3885,"reason"
3886,"emotions"
3887,"control group"
3888,"emotions"
3889,"reason"
3890,"emotions"
3891,"reason"
3892,"reason"
3893,"control group"
3894,"control group"
3895,"reason"
3896,"reason"
3897,"emotions"
3898,"control group"
3899,"control group"
3900,"reason"
3901,"control group"
3902,"control group"
3903,"control group"
3904,"control group"
3905,"control group"
3906,"control group"
3907,"control group"
3908,"control group"
3909,"emotions"
3910,"emotions"
3911,"reason"
3912,"control group"
3913,"control group"
3914,"emotions"
3915,"control group"
3916,"reason"
3917,"reason"
3918,"emotions"
3919,"emotions"
3920,"control group"
3921,"emotions"
3922,"control group"
3923,"reason"
3924,"emotions"
3925,"control group"
3926,"emotions"
3927,"control group"
3928,"control group"
3929,"reason"
3930,"emotions"
3931,"control group"
3932,"emotions"
3933,"reason"
3934,"emotions"
3935,"reason"
3936,"control group"
3937,"control group"
3938,"emotions"
3939,"control group"
3940,"control group"
3941,"emotions"
3942,"control group"
3943,"reason"
3944,"reason"
3945,"reason"
3946,"reason"
3947,"reason"
3948,"control group"
3949,"emotions"
3950,"reason"
3951,"emotions"
3952,"emotions"
3953,"control group"
3954,"control group"
3955,"control group"
3956,"emotions"
3957,"control group"
3958,"control group"
3959,"control group"
3960,"reason"
3961,"reason"
3962,"reason"
3963,"emotions"
3964,"emotions"
3965,"control group"
3966,"emotions"
3967,"reason"
3968,"reason"
3969,"emotions"
3970,"emotions"
3971,"emotions"
3972,"control group"
3973,"reason"
3974,"emotions"
3975,"control group"
3976,"reason"
3977,"emotions"
3978,"reason"
3979,"control group"
3980,"emotions"
3981,"control group"
3982,"reason"
3983,"emotions"
3984,"control group"
3985,"control group"
3986,"control group"
3987,"control group"
3988,"emotions"
3989,"reason"
3990,"reason"
3991,"reason"
3992,"control group"
3993,"reason"
3994,"emotions"
3995,"reason"
3996,"emotions"
3997,"emotions"
3998,"control group"
3999,"control group"
4000,"emotions"
4001,"reason"
4002,"reason"
4003,"control group"
4004,"reason"
4005,"reason"
4006,"reason"
4007,"emotions"
4008,"reason"
4009,"emotions"
4010,"emotions"
4011,"reason"
4012,"reason"
4013,"reason"
4014,"control group"
4015,"reason"
4016,"reason"
4017,"reason"
4018,"reason"
4019,"emotions"
4020,"reason"
4021,"control group"
4022,"emotions"
4023,"control group"
4024,"emotions"
4025,"reason"
4026,"emotions"
4027,"emotions"
4028,"reason"
4029,"control group"
4030,"emotions"
4031,"control group"
4032,"control group"
4033,"control group"
4034,"control group"
4035,"emotions"
4036,"reason"
4037,"emotions"
4038,"control group"
4039,"emotions"
4040,"control group"
4041,"emotions"
4042,"control group"
4043,"emotions"
4044,"reason"
4045,"emotions"
4046,"reason"
4047,"reason"
4048,"emotions"
4049,"reason"
4050,"control group"
4051,"emotions"
4052,"emotions"
4053,"control group"
4054,"reason"
4055,"reason"
4056,"emotions"
4057,"control group"
4058,"emotions"
4059,"reason"
4060,"emotions"
4061,"reason"
4062,"control group"
4063,"control group"
4064,"reason"
4065,"emotions"
4066,"reason"
4067,"control group"
4068,"emotions"
4069,"reason"
4070,"emotions"
4071,"control group"
4072,"reason"
4073,"control group"
4074,"emotions"
4075,"control group"
4076,"control group"
4077,"control group"
4078,"reason"
4079,"reason"
4080,"emotions"
4081,"emotions"
4082,"control group"
4083,"emotions"
4084,"control group"
4085,"emotions"
4086,"reason"
4087,"control group"
4088,"reason"
4089,"reason"
4090,"reason"
4091,"control group"
4092,"reason"
4093,"emotions"
4094,"control group"
4095,"control group"
4096,"reason"
4097,"control group"
4098,"emotions"
4099,"reason"
4100,"emotions"
4101,"emotions"
4102,"control group"
4103,"control group"
4104,"emotions"
4105,"control group"
4106,"emotions"
4107,"control group"
4108,"reason"
4109,"emotions"
4110,"control group"
4111,"reason"
4112,"reason"
4113,"reason"
4114,"reason"
4115,"control group"
4116,"emotions"
4117,"reason"
4118,"emotions"
4119,"control group"
4120,"control group"
4121,"reason"
4122,"reason"
4123,"control group"
4124,"reason"
4125,"control group"
4126,"emotions"
4127,"control group"
4128,"emotions"
4129,"control group"
4130,"emotions"
4131,"emotions"
4132,"reason"
4133,"emotions"
4134,"reason"
4135,"control group"
4136,"reason"
4137,"emotions"
4138,"reason"
4139,"emotions"
4140,"emotions"
4141,"control group"
4142,"reason"
4143,"control group"
4144,"control group"
4145,"control group"
4146,"control group"
4147,"reason"
4148,"reason"
4149,"emotions"
4150,"reason"
4151,"emotions"
4152,"emotions"
4153,"emotions"
4154,"emotions"
4155,"emotions"
4156,"emotions"
4157,"emotions"
4158,"emotions"
4159,"reason"
4160,"emotions"
4161,"reason"
4162,"reason"
4163,"emotions"
4164,"reason"
4165,"reason"
4166,"control group"
4167,"emotions"
4168,"control group"
4169,"reason"
4170,"emotions"
4171,"emotions"
4172,"control group"
4173,"reason"
4174,"emotions"
4175,"reason"
4176,"emotions"
4177,"emotions"
4178,"control group"
4179,"emotions"
4180,"reason"
4181,"emotions"
4182,"emotions"
4183,"control group"
4184,"reason"
4185,"reason"
4186,"emotions"
4187,"control group"
4188,"emotions"
4189,"reason"
4190,"reason"
4191,"emotions"
4192,"control group"
4193,"control group"
4194,"reason"
4195,"reason"
4196,"emotions"
4197,"control group"
4198,"control group"
4199,"reason"
4200,"control group"
4201,"reason"
4202,"reason"
4203,"emotions"
4204,"control group"
4205,"reason"
4206,"emotions"
4207,"control group"
4208,"emotions"
4209,"reason"
4210,"reason"
4211,"reason"
4212,"reason"
4213,"emotions"
4214,"reason"
4215,"reason"
4216,"reason"
4217,"control group"
4218,"control group"
4219,"reason"
4220,"control group"
4221,"reason"
4222,"reason"
4223,"emotions"
4224,"reason"
4225,"reason"
4226,"reason"
4227,"control group"
4228,"control group"
4229,"control group"
4230,"reason"
4231,"control group"
4232,"emotions"
4233,"reason"
4234,"emotions"
4235,"control group"
4236,"emotions"
4237,"emotions"
4238,"emotions"
4239,"control group"
4240,"control group"
4241,"emotions"
4242,"emotions"
4243,"emotions"
4244,"reason"
4245,"reason"
4246,"control group"
4247,"emotions"
4248,"emotions"
4249,"reason"
4250,"reason"
4251,"reason"
4252,"reason"
4253,"reason"
4254,"emotions"
4255,"emotions"
4256,"reason"
4257,"reason"
4258,"emotions"
4259,"emotions"
4260,"control group"
4261,"reason"
4262,"emotions"
4263,"reason"
4264,"reason"
4265,"control group"
4266,"control group"
4267,"control group"
4268,"reason"
4269,"control group"
4270,"control group"
4271,"reason"
4272,"control group"
4273,"reason"
4274,"emotions"
4275,"emotions"
4276,"emotions"
4277,"reason"
4278,"emotions"
4279,"emotions"
4280,"control group"
4281,"emotions"
4282,"reason"
4283,"reason"
4284,"reason"
4285,"emotions"
4286,"reason"
4287,"emotions"
4288,"reason"
4289,"control group"
4290,"emotions"
4291,"control group"
4292,"reason"
4293,"emotions"
4294,"reason"
4295,"emotions"
4296,"control group"
4297,"control group"
4298,"control group"
4299,"reason"
4300,"control group"
4301,"emotions"
4302,"control group"
4303,"control group"
4304,"reason"
4305,"control group"
4306,"control group"
4307,"emotions"
4308,"emotions"
4309,"control group"
4310,"emotions"
4311,"emotions"
4312,"control group"
4313,"control group"
4314,"emotions"
4315,"emotions"
4316,"emotions"
4317,"control group"
4318,"reason"
4319,"reason"
4320,"control group"
4321,"control group"
4322,"control group"
4323,"control group"
4324,"control group"
4325,"emotions"
4326,"reason"
4327,"reason"
4328,"control group"
4329,"reason"
4330,"control group"
4331,"reason"
4332,"control group"
4333,"reason"
4334,"emotions"
4335,"control group"
4336,"control group"
4337,"reason"
4338,"control group"
4339,"reason"
4340,"emotions"
4341,"control group"
4342,"emotions"
4343,"emotions"
4344,"reason"
4345,"reason"
4346,"reason"
4347,"emotions"
4348,"reason"
4349,"control group"
4350,"reason"
4351,"control group"
4352,"reason"
4353,"reason"
4354,"emotions"
4355,"control group"
4356,"reason"
4357,"emotions"
4358,"emotions"
4359,"reason"
4360,"reason"
4361,"emotions"
4362,"control group"
4363,"reason"
4364,"reason"
4365,"reason"
4366,"emotions"
4367,"emotions"
4368,"emotions"
4369,"reason"
4370,"emotions"
4371,"reason"
4372,"emotions"
4373,"control group"
4374,"emotions"
4375,"reason"
4376,"control group"
4377,"emotions"
4378,"reason"
4379,"control group"
4380,"emotions"
4381,"emotions"
4382,"reason"
4383,"control group"
4384,"reason"
4385,"emotions"
4386,"emotions"
4387,"reason"
4388,"reason"
4389,"reason"
4390,"control group"
4391,"emotions"
4392,"emotions"
4393,"reason"
4394,"reason"
4395,"reason"
4396,"reason"
4397,"emotions"
4398,"emotions"
4399,"reason"
4400,"control group"
4401,"control group"
4402,"control group"
4403,"control group"
4404,"control group"
4405,"control group"
4406,"control group"
4407,"emotions"
4408,"reason"
4409,"reason"
4410,"control group"
4411,"emotions"
4412,"emotions"
4413,"emotions"
4414,"control group"
4415,"emotions"
4416,"reason"
4417,"control group"
4418,"control group"
4419,"reason"
4420,"emotions"
4421,"control group"
4422,"control group"
4423,"reason"
4424,"control group"
4425,"emotions"
4426,"reason"
4427,"emotions"
4428,"emotions"
4429,"emotions"
4430,"reason"
4431,"control group"
4432,"emotions"
4433,"emotions"
4434,"control group"
4435,"emotions"
4436,"reason"
4437,"emotions"
4438,"control group"
4439,"emotions"
4440,"reason"
4441,"reason"
4442,"reason"
4443,"emotions"
4444,"reason"
4445,"control group"
4446,"control group"
4447,"control group"
4448,"emotions"
4449,"reason"
4450,"control group"
4451,"emotions"
4452,"emotions"
4453,"reason"
4454,"reason"
4455,"reason"
4456,"control group"
4457,"control group"
4458,"emotions"
4459,"reason"
4460,"control group"
4461,"reason"
4462,"control group"
4463,"reason"
4464,"control group"
4465,"control group"
4466,"control group"
4467,"control group"
4468,"emotions"
4469,"emotions"
4470,"reason"
4471,"control group"
4472,"emotions"
4473,"emotions"
4474,"control group"
4475,"emotions"
4476,"reason"
4477,"control group"
4478,"emotions"
4479,"reason"
4480,"reason"
4481,"reason"
4482,"control group"
4483,"reason"
4484,"control group"
4485,"emotions"
4486,"reason"
4487,"control group"
4488,"reason"
4489,"reason"
4490,"reason"
4491,"control group"
4492,"reason"
4493,"control group"
4494,"reason"
4495,"reason"
4496,"reason"
4497,"control group"
4498,"emotions"
4499,"control group"
4500,"control group"
4501,"control group"
4502,"emotions"
4503,"reason"
4504,"control group"
4505,"emotions"
4506,"emotions"
4507,"emotions"
4508,"reason"
4509,"emotions"
4510,"control group"
4511,"control group"
4512,"reason"
4513,"control group"
4514,"control group"
4515,"control group"
4516,"emotions"
4517,"reason"
4518,"reason"
4519,"reason"
4520,"emotions"
4521,"reason"
4522,"emotions"
4523,"reason"
4524,"control group"
4525,"control group"
4526,"control group"
4527,"emotions"
4528,"reason"
4529,"control group"
4530,"reason"
4531,"reason"
4532,"control group"
4533,"reason"
4534,"control group"
4535,"emotions"
4536,"emotions"
4537,"reason"
4538,"control group"
4539,"control group"
4540,"control group"
4541,"control group"
4542,"reason"
4543,"emotions"
4544,"control group"
4545,"control group"
4546,"reason"
4547,"reason"
4548,"reason"
4549,"control group"
4550,"emotions"
4551,"reason"
4552,"reason"
4553,"reason"
4554,"reason"
4555,"reason"
4556,"emotions"
4557,"emotions"
4558,"control group"
4559,"reason"
4560,"reason"
4561,"reason"
4562,"control group"
4563,"emotions"
4564,"reason"
4565,"control group"
4566,"control group"
4567,"control group"
4568,"emotions"
4569,"reason"
4570,"control group"
4571,"reason"
4572,"reason"
4573,"emotions"
4574,"emotions"
4575,"reason"
4576,"reason"
4577,"control group"
4578,"reason"
4579,"reason"
4580,"emotions"
4581,"emotions"
4582,"reason"
4583,"emotions"
4584,"reason"
4585,"reason"
4586,"control group"
4587,"emotions"
4588,"control group"
4589,"reason"
4590,"reason"
4591,"emotions"
4592,"emotions"
4593,"reason"
4594,"control group"
4595,"emotions"
4596,"reason"
4597,"emotions"
4598,"emotions"
4599,"reason"
4600,"reason"
4601,"reason"
4602,"reason"
4603,"control group"
4604,"reason"
4605,"reason"
4606,"emotions"
4607,"reason"
4608,"emotions"
4609,"reason"
4610,"control group"
4611,"emotions"
4612,"emotions"
4613,"control group"
4614,"emotions"
4615,"emotions"
4616,"control group"
4617,"emotions"
4618,"reason"
4619,"control group"
4620,"emotions"
4621,"reason"
4622,"control group"
4623,"emotions"
4624,"control group"
4625,"reason"
4626,"control group"
4627,"emotions"
4628,"reason"
4629,"control group"
4630,"reason"
4631,"control group"
4632,"emotions"
4633,"control group"
4634,"emotions"
4635,"control group"
4636,"control group"
4637,"reason"
4638,"control group"
4639,"reason"
4640,"control group"
4641,"emotions"
4642,"emotions"
4643,"control group"
4644,"reason"
4645,"reason"
4646,"reason"
4647,"emotions"
4648,"control group"
4649,"reason"
4650,"reason"
4651,"control group"
4652,"control group"
4653,"emotions"
4654,"control group"
4655,"control group"
4656,"reason"
4657,"reason"
4658,"reason"
4659,"reason"
4660,"reason"
4661,"emotions"
4662,"control group"
4663,"reason"
4664,"emotions"
4665,"reason"
4666,"reason"
4667,"emotions"
4668,"reason"
4669,"control group"
4670,"control group"
4671,"reason"
4672,"reason"
4673,"emotions"
4674,"reason"
4675,"reason"
4676,"control group"
4677,"emotions"
4678,"control group"
4679,"reason"
4680,"emotions"
4681,"emotions"
4682,"reason"
4683,"emotions"
4684,"emotions"
4685,"emotions"
4686,"control group"
4687,"emotions"
4688,"reason"
4689,"emotions"
4690,"control group"
4691,"reason"
4692,"reason"
4693,"emotions"
4694,"reason"
4695,"reason"
4696,"emotions"
4697,"control group"
4698,"reason"
4699,"control group"
4700,"control group"
4701,"emotions"
4702,"reason"
4703,"emotions"
4704,"control group"
4705,"control group"
4706,"control group"
4707,"control group"
4708,"control group"
4709,"emotions"
4710,"emotions"
4711,"reason"
4712,"emotions"
4713,"emotions"
4714,"emotions"
4715,"emotions"
4716,"control group"
4717,"control group"
4718,"emotions"
4719,"reason"
4720,"control group"
4721,"reason"
4722,"emotions"
4723,"emotions"
4724,"reason"
4725,"control group"
4726,"emotions"
4727,"emotions"
4728,"control group"
4729,"emotions"
4730,"reason"
4731,"reason"
4732,"reason"
4733,"reason"
4734,"control group"
4735,"reason"
4736,"reason"
4737,"emotions"
4738,"emotions"
4739,"reason"
4740,"reason"
4741,"reason"
4742,"control group"
4743,"control group"
4744,"emotions"
4745,"control group"
4746,"reason"
4747,"control group"
4748,"control group"
4749,"reason"
4750,"emotions"
4751,"control group"
4752,"emotions"
4753,"control group"
4754,"emotions"
4755,"reason"
4756,"reason"
4757,"control group"
4758,"reason"
4759,"emotions"
4760,"control group"
4761,"emotions"
4762,"control group"
4763,"emotions"
4764,"control group"
4765,"emotions"
4766,"control group"
4767,"reason"
4768,"emotions"
4769,"reason"
4770,"control group"
4771,"emotions"
4772,"reason"
4773,"emotions"
4774,"reason"
4775,"reason"
4776,"emotions"
4777,"control group"
4778,"emotions"
4779,"control group"
4780,"emotions"
4781,"emotions"
4782,"reason"
4783,"emotions"
4784,"emotions"
4785,"emotions"
4786,"reason"
4787,"reason"
4788,"reason"
4789,"control group"
4790,"emotions"
4791,"reason"
4792,"control group"
4793,"control group"
4794,"reason"
4795,"emotions"
4796,"emotions"
4797,"control group"
4798,"reason"
4799,"control group"
4800,"emotions"
4801,"control group"
4802,"reason"
4803,"emotions"
4804,"control group"
4805,"control group"
4806,"control group"
4807,"control group"
4808,"reason"
4809,"control group"
4810,"control group"
4811,"reason"
4812,"emotions"
4813,"emotions"
4814,"reason"
4815,"control group"
4816,"emotions"
4817,"emotions"
4818,"reason"
4819,"emotions"
4820,"control group"
4821,"reason"
4822,"reason"
4823,"emotions"
4824,"reason"
4825,"control group"
4826,"emotions"
4827,"control group"
4828,"emotions"
4829,"emotions"
4830,"control group"
4831,"reason"
4832,"control group"
4833,"control group"
4834,"emotions"
4835,"emotions"
4836,"emotions"
4837,"emotions"
4838,"control group"
4839,"emotions"
4840,"emotions"
4841,"emotions"
4842,"emotions"
4843,"emotions"
4844,"reason"
4845,"emotions"
4846,"control group"
4847,"reason"
4848,"emotions"
4849,"control group"
4850,"emotions"
4851,"control group"
4852,"reason"
4853,"control group"
4854,"emotions"
4855,"reason"
4856,"emotions"
4857,"reason"
4858,"emotions"
4859,"emotions"
4860,"control group"
4861,"emotions"
4862,"emotions"
4863,"reason"
4864,"control group"
4865,"emotions"
4866,"control group"
4867,"emotions"
4868,"control group"
4869,"reason"
4870,"reason"
4871,"control group"
4872,"control group"
4873,"emotions"
4874,"emotions"
4875,"control group"
4876,"reason"
4877,"emotions"
4878,"reason"
4879,"control group"
4880,"reason"
4881,"reason"
4882,"control group"
4883,"emotions"
4884,"control group"
4885,"control group"
4886,"reason"
4887,"control group"
4888,"control group"
4889,"control group"
4890,"reason"
4891,"emotions"
4892,"emotions"
4893,"control group"
4894,"reason"
4895,"control group"
4896,"emotions"
4897,"reason"
4898,"emotions"
4899,"reason"
4900,"emotions"
4901,"reason"
4902,"emotions"
4903,"reason"
4904,"control group"
4905,"reason"
4906,"control group"
4907,"reason"
4908,"reason"
4909,"control group"
4910,"emotions"
4911,"emotions"
4912,"emotions"
4913,"reason"
4914,"emotions"
4915,"emotions"
4916,"emotions"
4917,"reason"
4918,"control group"
4919,"control group"
4920,"control group"
4921,"control group"
4922,"emotions"
4923,"emotions"
4924,"emotions"
4925,"emotions"
4926,"emotions"
4927,"reason"
4928,"control group"
4929,"emotions"
4930,"emotions"
4931,"control group"
4932,"control group"
4933,"emotions"
4934,"emotions"
4935,"control group"
4936,"emotions"
4937,"emotions"
4938,"emotions"
4939,"reason"
4940,"control group"
4941,"control group"
4942,"control group"
4943,"reason"
4944,"control group"
4945,"reason"
4946,"reason"
4947,"emotions"
4948,"control group"
4949,"control group"
4950,"emotions"
4951,"reason"
4952,"control group"
4953,"reason"
4954,"emotions"
4955,"reason"
4956,"emotions"
4957,"control group"
4958,"emotions"
4959,"reason"
4960,"emotions"
4961,"emotions"
4962,"control group"
4963,"reason"
4964,"emotions"
4965,"control group"
4966,"reason"
4967,"emotions"
4968,"reason"
4969,"emotions"
4970,"reason"
4971,"reason"
4972,"control group"
4973,"reason"
4974,"emotions"
4975,"emotions"
4976,"control group"
4977,"reason"
4978,"reason"
4979,"reason"
4980,"emotions"
4981,"emotions"
4982,"emotions"
4983,"emotions"
4984,"reason"
4985,"control group"
4986,"control group"
4987,"reason"
4988,"reason"
4989,"reason"
4990,"reason"
4991,"reason"
4992,"control group"
4993,"emotions"
4994,"emotions"
4995,"emotions"
4996,"reason"
4997,"emotions"
4998,"reason"
4999,"reason"
5000,"control group"
